Accountant,NY,FALSE,40.71154,-74.00549
Accountant,IL,TRUE,41.8489,-87.64835
Accountant,TX,FALSE,32.782967,-96.8022
Accountant,TX,FALSE,30.266483,-97.74176
Accountant,MA,FALSE,42.115383,-72.63736
Accountant,CA,FALSE,34.07967,-118.07143
Accountant,MN,FALSE,44.854397,-93.46703
Accountant,FL,FALSE,26.14011,-81.79121
Accountant,AZ,FALSE,33.57143,-111.89561
Accountant,IL,FALSE,41.98901,-87.8022
Accountant,IL,FALSE,41.98901,-87.8022
Accountant,IL,FALSE,42.192307,-88.13187
Accountant,OH,FALSE,40.282967,-83.05495
Accountant,TN,FALSE,35.085163,-89.84615
Accountant,WV,FALSE,38.406593,-82.36813
Accountant,MI,FALSE,44.76099,-85.61539
Accountant,VA,FALSE,37.552197,-77.45605
Accountant,TX,TRUE,32.785713,-96.7967
Accountant,UT,FALSE,40.758244,-111.89011
Accountant,NY,TRUE,40.60989,-73.41758
Accountant,CO,TRUE,39.703297,-105.07692
Accountant,TX,FALSE,30.266483,-97.74176
Accountant,FL,FALSE,28.151098,-82.45605
Accountant,VA,FALSE,38.967033,-77.34066
Accountant,NE,FALSE,40.79945,-96.66483
Accountant,CA,TRUE,34.027473,-118.23627
Accountant,VA,FALSE,39.20055,-77.53297
Accountant,MA,FALSE,42.376373,-71.23077
Accountant,FL,FALSE,28.39011,-81.41758
Accountant,NJ,FALSE,40.857143,-74.41209
Accountant,OH,TRUE,39.26099,-84.81868
Accountant,VA,FALSE,38.892857,-77.42857
Accountant,OH,TRUE,39.95879,-82.99451
Accountant,OK,TRUE,35.467033,-97.51099
Accountant,WV,FALSE,38.406593,-82.36813
Accountant,IA,FALSE,41.5989,-93.60439
Accountant,NY,TRUE,40.71154,-74.00549
Accountant,OR,FALSE,45.456043,-122.7967
Accountant,IL,FALSE,42.153847,-88.13187
Accountant,OH,FALSE,39.686813,-84.16483
Accountant,GA,FALSE,32.082417,-81.0989
Accountant,CA,FALSE,34.052197,-118.24176
Accountant,TX,FALSE,32.813187,-96.94505
Accountant,TX,FALSE,29.760988,-95.36264
Accountant,NY,TRUE,42.975273,-78.79121
Accountant,UT,FALSE,40.758244,-111.89011
Accountant,TX,FALSE,32.813187,-96.94505
Accountant,OH,FALSE,40.873627,-81.4011
Accountant,OH,FALSE,38.417583,-82.58242
Accountant,VA,FALSE,37.26923,-76.7033
Accountant,OR,FALSE,45.497253,-122.68681
Accountant,KY,FALSE,36.736263,-85.20879
Accountant,CA,FALSE,37.384617,-122.08242
Accountant,IL,FALSE,41.884617,-87.62088
Accountant,NC,TRUE,35.225273,-80.84066
Accountant,TX,TRUE,30.266483,-97.74176
Accountant,CA,FALSE,38.82143,-121.26923
Accountant,OH,FALSE,39.15934,-84.45605
Accountant,FL,FALSE,26.04945,-80.14286
Accountant,OH,FALSE,40.733517,-82.51649
Accountant,WA,FALSE,47.304947,-122.22527
Accountant,IL,FALSE,41.881866,-87.63736
Accountant,CA,TRUE,37.826923,-122.29121
Accountant,NY,TRUE,40.722527,-73.99451
Accountant,VA,FALSE,36.796703,-76.42308
Accountant,NY,FALSE,42.43956,-76.49451
Accountant,NY,FALSE,40.846153,-73.85165
Accountant,FL,FALSE,25.763737,-80.18681
Accountant,CT,FALSE,41.392857,-73.45055
Accountant,MI,FALSE,42.582417,-83.24176
Accountant,IA,FALSE,42.057693,-93.87912
Accountant,IL,FALSE,42.06868,-87.78571
Accountant,MI,FALSE,42.32143,-83.17583
Accountant,OH,FALSE,39.107143,-84.5
Accountant,OH,FALSE,39.107143,-84.5
Accountant,NJ,FALSE,41.021976,-74.05495
Accountant,WI,TRUE,44.747253,-87.63187
Accountant,CA,TRUE,37.662086,-121.87363
Accountant,TX,FALSE,32.785713,-96.7967
Accountant,CA,FALSE,34.043957,-118.45055
Accountant,CA,FALSE,32.892857,-117.1978
Accountant,MI,FALSE,42.497253,-83.23077
Accountant,CA,FALSE,33.645603,-117.81868
Accountant,FL,FALSE,25.763737,-80.18681
Accountant,OH,FALSE,41.491756,-81.66483
Accountant,MN,FALSE,44.85989,-93.44505
Accountant,CA,FALSE,34.076923,-118.48351
Accountant,NJ,FALSE,39.945053,-74.91209
Accountant,IN,FALSE,41.065933,-85.16483
Accountant,FL,FALSE,26.120878,-80.14286
Accountant,NJ,FALSE,41.021976,-74.05495
Accountant,TX,FALSE,30.005495,-95.39561
Accountant,FL,FALSE,26.703297,-80.06044
Accountant,TX,FALSE,30.348902,-97.73077
Accountant,TX,FALSE,32.93132,-96.78571
Accountant,NY,FALSE,40.755493,-73.6978
Accountant,MO,FALSE,38.656593,-90.45605
Accountant,OK,FALSE,35.513737,-97.52198
Accountant,TX,FALSE,32.96154,-96.82417
Accountant,NY,FALSE,40.75,-73.96703
Architect,LA,FALSE,29.953297,-90.07143
Architect,DC,FALSE,38.892857,-77.03297
Architect,LA,FALSE,30.45055,-91.15385
Architect,WI,FALSE,42.582417,-87.81868
Architect,NJ,FALSE,40.425823,-74.41209
Architect,TX,FALSE,32.895603,-96.95055
Architect,CA,FALSE,37.662086,-121.87363
Architect,GA,FALSE,34.074177,-84.29121
Architect,FL,FALSE,29.651098,-82.32417
Architect,GA,FALSE,33.747253,-84.38461
Architect,LA,FALSE,30.357143,-90.06044
Architect,IL,FALSE,42.217033,-87.96154
Architect,VA,FALSE,38.87912,-77.0989
Architect,OH,TRUE,39.15934,-84.45605
Architect,PA,FALSE,40.307693,-76.87363
Architect,NY,FALSE,40.76923,-73.10989
Architect,NJ,FALSE,40.92857,-74.03846
Architect,IL,FALSE,41.96978,-87.75275
Architect,DC,FALSE,38.892857,-77.03297
Architect,VA,FALSE,37.576923,-77.53297
Architect,TX,FALSE,29.744505,-95.55495
Architect,ME,FALSE,43.618134,-70.28571
Architect,VA,FALSE,38.87912,-77.0989
Architect,TX,FALSE,32.813187,-96.94505
Architect,NY,FALSE,40.782967,-73.96154
Architect,IN,FALSE,39.766483,-86.15385
Architect,VA,FALSE,38.87912,-77.0989
Architect,IL,FALSE,41.8489,-87.64835
Architect,VA,FALSE,38.967033,-77.38461
Architect,PA,FALSE,40.43956,-79.99451
Architect,NY,FALSE,40.71154,-74.00549
Architect,OH,TRUE,39.758244,-84.18681
Architect,FL,TRUE,25.771978,-80.19231
Architect,NC,FALSE,35.225273,-80.84066
Architect,GA,FALSE,33.747253,-84.38461
Architect,KY,FALSE,36.98901,-86.43956
Architect,WA,FALSE,47.604397,-122.32967
Accountant,OR,FALSE,45.456043,-122.7967
Accountant,OR,FALSE,45.456043,-122.7967
Architect,OH,FALSE,40.096153,-83.01649
Architect,NY,FALSE,40.71154,-74.00549
Architect,NY,FALSE,40.71154,-74.00549
Architect,PA,TRUE,40.043957,-75.38461
Architect,IL,TRUE,41.8489,-87.64835
Architect,WA,FALSE,46.063187,-118.34066
Architect,FL,FALSE,26.315933,-80.0989
Architect,VA,FALSE,37.552197,-77.45605
Architect,VA,FALSE,38.802197,-77.04395
Architect,MD,TRUE,39.28846,-76.60989
Architect,CA,FALSE,34.052197,-118.24176
Architect,DC,FALSE,38.892857,-77.03297
Architect,UT,TRUE,40.755493,-111.89561
Architect,CA,TRUE,37.774727,-122.41758
Architect,NY,FALSE,40.71154,-74.00549
Architect,FL,FALSE,28.535715,-81.37912
Architect,MO,FALSE,38.626373,-90.1978
Architect,DE,FALSE,39.744507,-75.54395
Architect,NJ,FALSE,40.206043,-74.07692
Architect,MN,FALSE,44.978024,-93.26373
Architect,DC,FALSE,38.892857,-77.03297
Architect,IL,FALSE,39.934067,-91.40659
Architect,TX,FALSE,29.760988,-95.36264
Architect,VA,FALSE,38.892857,-77.42857
Architect,CA,FALSE,32.714287,-117.15385
Architect,SC,FALSE,32.774727,-79.92857
Architect,TX,FALSE,32.782967,-96.8022
Architect,NY,FALSE,40.79121,-73.41758
Architect,MA,FALSE,42.631866,-71.31319
Architect,DC,FALSE,38.892857,-77.03297
Architect,MI,FALSE,42.32967,-83.04395
Architect,TX,FALSE,29.423077,-98.48901
Architect,TX,FALSE,30.266483,-97.74176
Architect,VA,FALSE,38.92857,-77.17583
Architect,MO,FALSE,38.626373,-90.1978
Architect,CA,FALSE,37.75,-121.95055
Architect,NE,FALSE,41.258244,-95.93407
Architect,CA,FALSE,37.384617,-122.08242
Architect,NJ,FALSE,40.728024,-74.07692
Architect,NJ,FALSE,40.516483,-74.41209
Architect,MN,FALSE,44.978024,-93.26373
Architect,TX,FALSE,29.760988,-95.36264
Architect,VA,FALSE,37.535713,-77.43407
Architect,CO,FALSE,38.802197,-104.51099
Architect,CA,FALSE,37.785713,-122.39011
Architect,NC,FALSE,35.225273,-80.84066
Architect,OH,FALSE,39.104397,-84.5
Architect,IN,FALSE,39.766483,-86.15385
Architect,NC,FALSE,35.771976,-78.63736
Architect,TX,FALSE,32.782967,-96.8022
Architect,PA,FALSE,39.95055,-75.15934
Architect,TX,FALSE,29.760988,-95.36264
Architect,MI,FALSE,42.173077,-83.48901
Architect,SC,FALSE,32.774727,-79.92857
Architect,NY,FALSE,40.763737,-73.96154
Architect,NY,FALSE,40.75,-73.99451
Architect,VA,FALSE,38.967033,-77.34066
Architect,AZ,FALSE,33.445053,-112.08791
Architect,MN,FALSE,44.978024,-93.26373
Architect,TX,FALSE,29.760988,-95.36264
Architect,MD,FALSE,39.417583,-76.78022
Dietitian,IL,FALSE,41.76099,-88.35165
Dietitian,IL,FALSE,41.76099,-88.35165
Dietitian,MS,FALSE,31.228022,-89.45055
Dietitian,IA,FALSE,42.008244,-91.64286
Dietitian,SC,FALSE,32.774727,-79.92857
Dietitian,MI,TRUE,42.656593,-83.14835
Dietitian,FL,FALSE,27.291208,-81.36264
Dietitian,CA,FALSE,37.774727,-122.41758
Dietitian,MT,FALSE,45.782967,-108.5
Dietitian,NV,FALSE,36.173077,-115.13187
Dietitian,MN,FALSE,44.978024,-93.26373
Dietitian,MN,FALSE,44.978024,-93.26373
Dietitian,NY,TRUE,41.112637,-74.03846
Dietitian,FL,FALSE,28.425825,-81.31319
Dietitian,NY,FALSE,43.046703,-76.14286
Dietitian,FL,FALSE,30.291208,-81.62637
Dietitian,MA,FALSE,42.293957,-71.07143
Dietitian,NC,FALSE,35.771976,-78.63736
Dietitian,MD,FALSE,39.28846,-76.60989
Dietitian,MN,FALSE,44.96978,-93.08242
Dietitian,MN,FALSE,47.92857,-97.02198
Dietitian,KS,FALSE,37.68956,-97.33517
Dietitian,MI,FALSE,42.384617,-82.90659
Dietitian,AR,FALSE,34.744507,-92.28571
Dietitian,SC,FALSE,32.793957,-79.85714
Dietitian,OH,FALSE,39.95879,-82.99451
Dietitian,MI,FALSE,42.307693,-83.47802
Dietitian,NY,FALSE,42.096153,-75.91758
Dietitian,OH,FALSE,39.95879,-82.99451
Dietitian,AZ,FALSE,33.447803,-112.07143
Dietitian,MN,FALSE,48.118134,-96.17583
Dietitian,LA,FALSE,30.502747,-90.45605
Dietitian,NY,FALSE,41.156593,-74.06593
Dietitian,SC,TRUE,34.414837,-79.36813
Dietitian,MA,FALSE,42.51923,-70.89561
Dietitian,NV,FALSE,36.112637,-115.21429
Dietitian,IN,FALSE,39.71978,-86.08791
Dietitian,RI,FALSE,41.505493,-71.42308
Dietitian,NJ,FALSE,39.337914,-74.47253
Dietitian,NY,FALSE,40.71154,-74.00549
Dietitian,MA,FALSE,42.065933,-71.32417
Dietitian,NY,FALSE,40.71154,-74.00549
Dietitian,NJ,FALSE,39.972527,-74.58242
Dietitian,UT,FALSE,40.758244,-111.89011
Dietitian,WA,FALSE,47.656593,-117.42308
Dietitian,IN,FALSE,40.104397,-85.67583
Dietitian,FL,FALSE,26.357143,-80.08242
Dietitian,SC,FALSE,34.85165,-82.39011
Dietitian,MI,FALSE,42.96154,-85.66483
Dietitian,OH,FALSE,39.557693,-84.3022
Dietitian,PA,FALSE,40.464287,-79.91209
Dietitian,NC,FALSE,36.0989,-80.24176
Dietitian,OH,FALSE,39.557693,-84.3022
Dietitian,NJ,FALSE,40.164837,-74.08242
Dietitian,CA,FALSE,35.37088,-119.01649
Dietitian,TX,FALSE,31.843407,-102.36264
Dietitian,FL,FALSE,30.32967,-81.65385
Dietitian,GA,FALSE,32.45879,-84.98351
Dietitian,AL,FALSE,33.51923,-86.8022
Dietitian,SD,FALSE,44.093407,-102.82967
Dietitian,OH,FALSE,39.95879,-82.99451
Dietitian,TX,FALSE,32.733517,-97.10439
Dietitian,NC,FALSE,35.29121,-81.53297
Dietitian,KS,FALSE,38.043957,-97.34066
Dietitian,TX,FALSE,30.508242,-97.67583
Dietitian,DE,FALSE,39.65934,-75.56593
Dietitian,IL,FALSE,41.645603,-87.61539
Dietitian,TX,FALSE,29.423077,-98.48901
Dietitian,IL,FALSE,41.70879,-87.75275
Dietitian,TX,FALSE,29.70055,-98.12088
Dietitian,GA,FALSE,34.236263,-84.48901
Dietitian,NC,FALSE,35.31868,-82.45605
Dietitian,CA,FALSE,33.60989,-117.72527
Dietitian,GA,FALSE,34.692307,-84.47802
Dietitian,WI,FALSE,43.07143,-89.4011
Dietitian,NC,FALSE,35.29121,-81.53297
Dietitian,AR,FALSE,35.255493,-91.1978
Dietitian,CO,FALSE,40.585163,-105.08242
Dietitian,WA,FALSE,47.604397,-122.32967
Dietitian,MA,FALSE,42.065933,-71.32417
Dietitian,NC,FALSE,35.225273,-80.84066
Dietitian,CA,FALSE,32.714287,-117.15385
Dietitian,OK,FALSE,36.914837,-95.19231
Dietitian,CA,FALSE,34.052197,-118.24176
Dietitian,IN,FALSE,40.192307,-85.38461
Dietitian,LA,FALSE,30.45055,-91.15385
Dietitian,WV,FALSE,39.456043,-77.96154
Dietitian,PA,FALSE,39.95055,-75.15934
Dietitian,CT,FALSE,41.052197,-73.53846
Dietitian,CA,FALSE,36.972527,-122.02747
Dietitian,UT,FALSE,40.57143,-111.85714
Dietitian,NY,FALSE,40.71154,-74.00549
Dietitian,MN,FALSE,44.942307,-93.08791
Dietitian,WA,TRUE,47.854397,-121.96703
Dietitian,NC,FALSE,35.225273,-80.84066
Java,GA,FALSE,34.002747,-84.14286
Java,GA,TRUE,33.747253,-84.38461
Java,IL,FALSE,41.956043,-87.93956
Java,VA,FALSE,38.68956,-77.2033
Java,TX,FALSE,29.760988,-95.36264
Java,IL,FALSE,41.972527,-88.01099
Java,GA,FALSE,33.876373,-84.36813
Java,VA,FALSE,38.87912,-77.0989
Java,VA,FALSE,38.956043,-77.34066
Java,VA,FALSE,38.802197,-77.04395
Java,CA,TRUE,37.662086,-121.87363
Java,PA,FALSE,39.986263,-75.39561
Java,PA,FALSE,39.95055,-75.15934
Java,NJ,FALSE,40.923077,-74.27473
Java,VA,FALSE,38.87912,-77.0989
Java,MD,FALSE,39.293957,-76.60439
Java,NJ,FALSE,40.552197,-74.45605
Java,MD,FALSE,39.293957,-76.62088
Java,AZ,FALSE,33.304947,-111.84066
Java,CO,FALSE,40.585163,-105.08242
Java,CO,FALSE,40.013737,-105.26923
Java,CA,FALSE,37.774727,-122.41758
Java,GA,FALSE,33.747253,-84.38461
Java,GA,FALSE,33.95055,-84.54945
Java,GA,FALSE,33.95055,-84.54945
Java,GA,FALSE,33.747253,-84.38461
Java,GA,FALSE,33.747253,-84.38461
Java,VA,FALSE,37.664837,-77.50549
Java,NC,FALSE,35.755493,-78.78022
Java,NC,FALSE,35.807693,-78.64286
Java,CA,FALSE,37.774727,-122.41758
Java,PA,FALSE,39.95055,-75.15934
Java,CA,FALSE,38.57967,-121.48901
Java,CA,FALSE,37.774727,-122.41758
Java,NY,FALSE,40.71154,-74.00549
Java,IL,FALSE,41.8489,-87.64835
Java,TX,FALSE,29.760988,-95.36264
Java,NY,FALSE,40.71154,-74.00549
Java,CA,FALSE,37.774727,-122.41758
Java,NY,FALSE,40.71154,-74.00549
Java,NY,FALSE,40.71154,-74.00549
Java,TX,FALSE,29.760988,-95.36264
Java,TX,FALSE,29.760988,-95.36264
Java,CA,FALSE,37.35165,-121.95055
Java,NY,TRUE,40.71154,-74.00549
Java,VA,FALSE,38.892857,-77.42857
Java,MA,FALSE,42.357143,-71.05495
Java,TX,TRUE,30.266483,-97.74176
Java,MA,FALSE,42.48901,-71.27473
Java,VA,FALSE,38.934067,-77.17583
Java,NY,FALSE,40.71154,-74.00549
Java,NE,FALSE,41.118134,-95.91758
Java,KY,FALSE,37.692307,-85.85714
Java,DE,FALSE,39.744507,-75.54395
Java,NY,FALSE,40.71154,-74.00549
Java,NC,FALSE,35.771976,-78.63736
Java,KY,FALSE,38.252747,-85.75824
Java,PA,FALSE,39.95055,-75.15934
Java,MN,FALSE,44.978024,-93.26373
Java,OH,FALSE,40.282967,-84.15385
Java,NJ,FALSE,40.206043,-74.07692
Java,SC,FALSE,32.774727,-79.92857
Java,NY,FALSE,40.782967,-73.96154
Java,FL,FALSE,26.821428,-80.13736
Java,MA,FALSE,42.357143,-71.05495
Java,VA,FALSE,38.994507,-77.43407
Java,MD,FALSE,39.28846,-76.60989
Java,NY,FALSE,40.71154,-74.00549
Java,OH,FALSE,39.953297,-82.80769
Java,NY,FALSE,40.782967,-73.96154
Java,MA,FALSE,42.357143,-71.05495
Java,KY,FALSE,37.692307,-85.85714
Java,MO,FALSE,39.0989,-94.57692
Java,PA,FALSE,40.035713,-75.51099
Java,NJ,FALSE,40.728024,-74.07692
Java,FL,FALSE,26.120878,-80.14286
Java,IL,FALSE,40.692307,-89.58791
Java,DE,FALSE,39.744507,-75.54395
Java,TX,FALSE,33.054947,-96.73627
Java,TX,FALSE,33.054947,-96.73627
Java,OR,FALSE,45.486263,-122.8022
Java,NY,FALSE,40.978024,-73.71978
Java,FL,FALSE,27.76923,-82.67583
Java,PA,FALSE,40.035713,-75.51099
Java,CA,FALSE,37.387363,-121.88461
Java,RI,FALSE,41.89011,-71.39011
Java,TX,FALSE,29.760988,-95.36264
Java,TX,FALSE,32.95879,-96.82417
Java,GA,FALSE,33.854397,-84.39011
Java,KY,FALSE,38.26099,-85.65934
Java,FL,FALSE,27.945055,-82.45605
Java,GA,FALSE,33.45879,-81.97253
Java,VA,FALSE,38.98077,-77.38461
Java,NY,FALSE,40.782967,-73.96154
Java,FL,FALSE,27.335165,-82.52747
Java,OH,FALSE,41.277473,-80.81319
Java,CA,FALSE,37.376373,-122.01649
Java,IL,FALSE,41.881866,-87.63736
Java,AL,FALSE,34.728024,-86.58242
Marketing,NY,FALSE,40.71154,-74.00549
Marketing,NH,TRUE,42.93132,-72.27473
Marketing,WI,FALSE,44.516483,-88.01649
Marketing,ID,TRUE,43.612637,-116.2033
Marketing,WA,TRUE,47.656593,-117.42308
Marketing,WA,TRUE,47.17857,-122.01099
Marketing,CA,TRUE,37.667583,-122.07692
Marketing,TX,TRUE,33.65934,-95.55495
Marketing,NY,FALSE,43.046703,-76.14286
Marketing,MA,FALSE,42.3489,-71.54395
Marketing,WA,TRUE,47.604397,-122.32967
Marketing,MD,FALSE,39.28846,-76.60989
Marketing,FL,FALSE,27.945055,-82.45605
Marketing,CO,FALSE,39.73901,-104.98351
Marketing,MI,FALSE,42.307693,-83.10439
Marketing,OH,FALSE,41.51099,-81.63736
Marketing,NY,FALSE,40.71154,-74.00549
Marketing,IL,FALSE,41.653847,-88.2033
Marketing,MI,FALSE,43.472527,-83.94505
Marketing,CT,FALSE,41.604397,-73.12088
Marketing,CA,TRUE,33.835163,-117.91209
Marketing,NY,FALSE,40.76099,-73.32417
Marketing,TX,FALSE,31.758242,-106.48351
Marketing,OR,TRUE,45.521976,-122.67583
Marketing,NJ,TRUE,40.824177,-74.41209
Marketing,NY,FALSE,40.71154,-74.00549
Marketing,TX,TRUE,30.456043,-97.76373
Marketing,OH,TRUE,39.98901,-83
Marketing,CA,FALSE,37.662086,-121.87363
Marketing,CA,TRUE,34.052197,-118.24176
Marketing,IL,FALSE,41.785713,-88.14286
Marketing,NY,FALSE,43.046703,-76.14286
Marketing,TX,FALSE,30.266483,-97.74176
Marketing,OH,FALSE,41.497253,-81.69231
Marketing,TX,FALSE,30.508242,-97.67583
Marketing,TX,TRUE,29.681318,-95.39561
Marketing,IL,FALSE,41.8489,-87.64835
Marketing,DE,TRUE,39.156593,-75.52198
Marketing,NJ,TRUE,40.516483,-74.41209
Marketing,AZ,TRUE,33.447803,-112.07143
Marketing,PA,FALSE,40.087914,-75.39561
Marketing,AL,FALSE,34.728024,-86.58242
Marketing,MO,FALSE,38.626373,-90.1978
Marketing,NY,FALSE,41.087914,-74.01099
Marketing,TX,FALSE,30.024725,-95.52747
Marketing,FL,FALSE,26.835165,-80.06044
Marketing,NJ,FALSE,40.684067,-74.57143
Marketing,NJ,FALSE,40.793957,-74.47802
Marketing,VA,FALSE,37.552197,-77.45605
Marketing,NY,FALSE,42.714287,-73.81868
Marketing,NY,FALSE,40.752747,-73.97802
Marketing,VA,FALSE,37.59066,-77.49451
Marketing,TX,FALSE,32.763737,-96.85165
Marketing,PA,FALSE,40.637363,-79.71978
Marketing,OR,FALSE,44.07967,-123.07143
Marketing,AL,FALSE,30.565933,-87.9011
Marketing,TX,FALSE,29.458792,-98.57143
Marketing,CO,FALSE,39.612637,-104.87912
Marketing,MD,FALSE,39.28846,-76.60989
Marketing,RI,FALSE,41.9011,-71.39011
Marketing,CA,FALSE,33.975273,-118.12637
Marketing,MA,FALSE,42.417583,-71.10439
Marketing,WA,FALSE,47.604397,-122.32417
Marketing,WI,FALSE,43.096153,-89.5
Marketing,VA,FALSE,38.87912,-77.0989
Marketing,VA,FALSE,38.87912,-77.0989
Marketing,WA,FALSE,47.604397,-122.32417
Marketing,PA,FALSE,40.18132,-75.14835
Marketing,AZ,FALSE,33.304947,-111.84066
Marketing,WI,FALSE,43.096153,-89.5
Marketing,IL,FALSE,42.126373,-87.84066
Marketing,IL,FALSE,41.93132,-88
Marketing,AR,FALSE,34.75,-92.34066
Marketing,IL,FALSE,41.98901,-87.8022
Marketing,CA,FALSE,37.774727,-122.41758
Marketing,IL,FALSE,41.98901,-87.8022
Marketing,IL,FALSE,42.076923,-88.02747
Marketing,IL,FALSE,41.98901,-87.8022
Marketing,IL,FALSE,41.98901,-87.8022
Marketing,NJ,FALSE,39.906593,-75
Marketing,CO,FALSE,39.642857,-104.89561
Marketing,PA,FALSE,40.686813,-75.21978
Marketing,GA,FALSE,33.585163,-84.53846
Marketing,NC,FALSE,35.225273,-80.84066
Marketing,GA,FALSE,33.445053,-84.14286
Marketing,NC,FALSE,36.093407,-79.43407
Marketing,CA,FALSE,37.343407,-121.87912
Marketing,PA,FALSE,40.686813,-75.21978
Marketing,IL,FALSE,41.98901,-87.8022
Marketing,WI,FALSE,43.096153,-89.5
Marketing,IA,FALSE,42.054947,-92.93956
Marketing,NC,FALSE,35.892857,-79.98901
Marketing,IA,FALSE,41.48901,-93.75275
Marketing,IA,FALSE,41.596153,-93.7033
Marketing,VA,FALSE,37.134617,-77.39011
Marketing,GA,FALSE,33.956043,-83.98351
Marketing,OR,TRUE,45.521976,-122.67583
Marketing,OH,FALSE,40.796703,-81.37363
Marketing,CA,FALSE,37.868134,-122.25824
Marketing,CO,FALSE,40.043957,-105.20879
Nurse,IL,TRUE,41.758244,-88.31868
Nurse,MA,TRUE,42.26099,-71.8022
Nurse,IL,FALSE,39.387363,-89.07692
Nurse,NY,FALSE,40.71154,-74.00549
Nurse,NY,FALSE,40.71154,-74.00549
Nurse,TX,FALSE,29.760988,-95.36264
Nurse,MA,FALSE,42.26099,-71.8022
Nurse,MA,FALSE,42.631866,-71.31319
Nurse,MA,FALSE,42.774727,-71.07692
Nurse,NJ,FALSE,40.497253,-74.64286
Nurse,NJ,FALSE,41.027473,-74.29121
Nurse,NJ,FALSE,41.01099,-74.26373
Nurse,NJ,FALSE,41.027473,-74.29121
Nurse,NJ,FALSE,39.953297,-74.1978
Nurse,NJ,FALSE,41.027473,-74.29121
Nurse,NJ,FALSE,41.01099,-74.26373
Nurse,NC,FALSE,35.582417,-80.80769
Nurse,ME,FALSE,44.67033,-70.14835
Nurse,ME,FALSE,44.67033,-70.14835
Nurse,IL,FALSE,38.626373,-88.94505
Nurse,IL,FALSE,40.10989,-88.2033
Nurse,NC,FALSE,35.92033,-81.17583
Nurse,NY,FALSE,40.71154,-74.00549
Nurse,IL,TRUE,41.697803,-88.06593
Nurse,MI,TRUE,42.31868,-85.17583
Nurse,NM,TRUE,35.082417,-106.64835
Nurse,GA,FALSE,33.747253,-84.38461
Nurse,NC,TRUE,35.881866,-78.76373
Nurse,VA,FALSE,38.846153,-77.3022
Nurse,WA,FALSE,47.252747,-122.43956
Nurse,CO,FALSE,39.703297,-105.07692
Nurse,IN,FALSE,39.766483,-86.15385
Nurse,CO,TRUE,39.73901,-104.98351
Nurse,OK,FALSE,36.153847,-95.98901
Nurse,IA,TRUE,41.56868,-90.42308
Nurse,NM,TRUE,35.082417,-106.64835
Nurse,MA,FALSE,42.26099,-71.8022
Nurse,AL,FALSE,33.20879,-87.56593
Nurse,MI,FALSE,42.596153,-82.87363
Nurse,CO,FALSE,37.274727,-107.87912
Nurse,AL,FALSE,33.20879,-87.56593
Nurse,AL,FALSE,33.20879,-87.56593
Nurse,AL,FALSE,33.20879,-87.56593
Nurse,CO,FALSE,37.274727,-107.87912
Nurse,NY,FALSE,42.81868,-73.91758
Nurse,OK,FALSE,36.153847,-95.98901
Nurse,MI,FALSE,42.604397,-83.14835
Nurse,IL,FALSE,41.881866,-87.75275
Nurse,FL,FALSE,27.788462,-82.72527
Nurse,WA,FALSE,47.667583,-122.37912
Nurse,OR,FALSE,44.07967,-123.07143
Nurse,TX,FALSE,32.782967,-96.8022
Nurse,FL,FALSE,26.241758,-80.25824
Nurse,NM,TRUE,35.082417,-106.64835
Nurse,FL,FALSE,27.945055,-82.45605
Nurse,NY,FALSE,43.134617,-76.12637
Nurse,PA,FALSE,40.14835,-74.97802
Nurse,TX,FALSE,30.626373,-96.32967
Nurse,FL,FALSE,26.357143,-80.08242
Nurse,IL,FALSE,40.115383,-88.24176
Nurse,FL,FALSE,26.714285,-80.04945
Nurse,IL,FALSE,41.87912,-87.84066
Nurse,IL,FALSE,41.87912,-87.84066
Nurse,IL,FALSE,41.87912,-87.84066
Nurse,IL,FALSE,41.87912,-87.84066
Nurse,AL,FALSE,32.365383,-86.2967
Nurse,AL,FALSE,32.365383,-86.2967
Nurse,AL,FALSE,32.365383,-86.2967
Nurse,CO,TRUE,40.013737,-105.26923
Nurse,FL,FALSE,28.535715,-81.37912
Nurse,KS,FALSE,39.112637,-94.62637
Nurse,MA,FALSE,42.373627,-71.10439
Nurse,PA,FALSE,40.324177,-78.91758
Nurse,PA,FALSE,40.516483,-78.39011
Nurse,OR,FALSE,45.521976,-122.67583
Nurse,VA,FALSE,38.71154,-77.79121
Nurse,MS,FALSE,32.296703,-90.18132
Nurse,MS,FALSE,32.296703,-90.18132
Nurse,MS,FALSE,32.296703,-90.18132
Nurse,FL,FALSE,28.535715,-81.37912
Nurse,MS,FALSE,32.296703,-90.18132
Nurse,MA,FALSE,42.373627,-71.10439
Nurse,FL,FALSE,29.186813,-82.13736
Nurse,IA,FALSE,42.467033,-91.88461
Nurse,FL,FALSE,27.945055,-82.45605
Nurse,CA,FALSE,33.744507,-117.86264
Nurse,FL,FALSE,28.291208,-80.74725
Nurse,SC,FALSE,32.774727,-79.92857
Nurse,MD,FALSE,39.28846,-76.60989
Nurse,FL,FALSE,28.082418,-80.60439
Nurse,FL,FALSE,29.651098,-82.32417
Nurse,CO,FALSE,39.728024,-104.82967
Nurse,FL,FALSE,27.76923,-82.67583
Nurse,NH,FALSE,43.527473,-71.46703
Nurse,NV,TRUE,36.173077,-115.13187
Nurse,TX,TRUE,33.104397,-98.58791
Nurse,NY,FALSE,40.637363,-73.63736
Nurse,TX,TRUE,33.104397,-98.58791
Nurse,CO,FALSE,39.73901,-104.98351
Pathologist,NJ,TRUE,39.953297,-74.1978
Pathologist,DE,FALSE,38.912086,-75.42308
Pathologist,WI,FALSE,43.947803,-88.08242
Pathologist,DE,FALSE,38.64011,-75.60989
Pathologist,WI,FALSE,42.631866,-88.64286
Pathologist,SC,FALSE,33.78846,-81.92857
Pathologist,MO,FALSE,38.5,-90.62637
Pathologist,MD,FALSE,39.412086,-77.40659
Pathologist,KY,FALSE,37.986263,-84.47253
Pathologist,WA,FALSE,46.063187,-118.34066
Pathologist,NY,FALSE,40.75,-73.85165
Pathologist,MA,FALSE,42.065933,-72.5
Pathologist,GA,FALSE,34.021976,-84.35714
Pathologist,UT,FALSE,40.233517,-111.65385
Pathologist,FL,FALSE,28.032967,-82.38461
Pathologist,NJ,FALSE,40.87088,-74.73077
Pathologist,AL,FALSE,32.607143,-85.47802
Pathologist,CO,FALSE,39.73901,-104.98351
Pathologist,TX,FALSE,30.266483,-97.74176
Pathologist,NY,FALSE,41.032967,-73.75824
Pathologist,CA,FALSE,39.016483,-122.05495
Pathologist,PA,FALSE,40.43956,-79.99451
Pathologist,TN,FALSE,35.612637,-88.81319
Pathologist,CA,FALSE,33.142857,-117.16483
Pathologist,LA,FALSE,30.45055,-91.15385
Pathologist,CA,FALSE,35.37088,-119.01649
Pathologist,NM,FALSE,35.686813,-105.93407
Pathologist,CA,FALSE,34.145603,-118.14286
Pathologist,GA,FALSE,32.84066,-83.63187
Pathologist,CA,FALSE,38.706043,-121.28022
Pathologist,OH,FALSE,39.332417,-82.97802
Pathologist,TX,FALSE,30.423077,-97.70879
Pathologist,NC,FALSE,35.225273,-80.84066
Pathologist,CA,FALSE,37.662086,-121.87363
Pathologist,TX,FALSE,29.423077,-98.48901
Pathologist,NC,FALSE,35.115383,-80.71978
Pathologist,CO,FALSE,39.703297,-105.07692
Pathologist,NM,FALSE,35.887363,-106.3022
Pathologist,CA,FALSE,32.714287,-117.15385
Pathologist,CO,FALSE,39.73901,-104.98351
Pathologist,CA,FALSE,34.42033,-119.6978
Pathologist,CA,FALSE,33.868134,-117.92308
Pathologist,IL,FALSE,40.513737,-88.98901
Pathologist,TN,FALSE,36.164837,-86.78022
Pathologist,TN,FALSE,36.162086,-85.5
Pathologist,MD,FALSE,39.271976,-76.73077
Pathologist,NV,FALSE,36.173077,-115.13187
Pathologist,NJ,FALSE,40.796703,-74.47802
Pathologist,NY,FALSE,43.153847,-77.61539
Pathologist,NY,FALSE,43.046703,-76.14286
Pathologist,FL,FALSE,25.467033,-80.47253
Pathologist,TN,FALSE,35.14835,-90.04395
Pathologist,IA,FALSE,41.596153,-93.7033
Pathologist,IL,FALSE,41.837914,-89.47802
Pathologist,NM,FALSE,35.082417,-106.64835
Pathologist,PA,FALSE,39.95055,-75.15934
Pathologist,LA,FALSE,29.593407,-90.71429
Pathologist,TN,FALSE,35.95879,-83.91758
Pathologist,TX,FALSE,27.79945,-97.39561
Pathologist,NJ,FALSE,39.953297,-74.1978
Pathologist,CA,FALSE,33.73901,-116.41209
Pathologist,GA,FALSE,33.46978,-81.97253
Pathologist,IL,FALSE,41.804947,-88.32417
Pathologist,PA,FALSE,40.997253,-75.17583
Pathologist,FL,FALSE,27.335165,-82.52747
Pathologist,OR,FALSE,43.214287,-123.34066
Pathologist,GA,FALSE,33.747253,-84.38461
Pathologist,NC,FALSE,35.082417,-80.89011
Pathologist,TX,FALSE,33.423077,-94.04395
Pathologist,WV,FALSE,37.68956,-81.62088
Pathologist,AZ,FALSE,33.42033,-111.81868
Pathologist,CA,FALSE,34.42033,-119.6978
Pathologist,CA,FALSE,33.71978,-116.37363
Pathologist,TX,FALSE,29.760988,-95.36264
Pathologist,NY,FALSE,41.002747,-73.78022
Pathologist,FL,FALSE,28.535715,-81.37912
Pathologist,AZ,FALSE,33.447803,-112.07143
Pathologist,NC,FALSE,35.991756,-78.89561
Pathologist,OH,FALSE,40.741756,-84.10439
Pathologist,FL,FALSE,27.945055,-82.45605
Pathologist,GA,FALSE,33.95055,-84.54945
Pathologist,NC,FALSE,36.07143,-79.79121
Pathologist,CA,FALSE,34.17033,-118.83517
Pathologist,MN,FALSE,44.802197,-93.16483
Pathologist,OK,FALSE,35.222527,-97.43407
Pathologist,TX,FALSE,29.423077,-98.48901
Pathologist,WI,FALSE,43.07143,-89.4011
Pathologist,AL,FALSE,34.728024,-86.58242
Pathologist,FL,FALSE,26.714285,-80.04945
Pathologist,IL,FALSE,42.332417,-88.26373
Pathologist,TX,FALSE,32.203297,-95.85165
Pathologist,NM,FALSE,35.686813,-105.93407
Pathologist,CA,FALSE,34.156593,-118.5
Pathologist,VA,FALSE,37.266483,-77.40659
Pathologist,VA,FALSE,37.505493,-77.64835
Pathologist,TX,FALSE,30.085165,-94.0989
Pathologist,IL,FALSE,42.26923,-89.09341
Pathologist,FL,FALSE,26.620878,-81.83517
Pathologist,FL,FALSE,28.802198,-81.72527
Pathologist,MN,FALSE,44.31044,-94.45605
Pharmacist,MO,FALSE,38.626373,-90.1978
Pharmacist,OH,TRUE,40.796703,-81.37363
Pharmacist,SC,TRUE,34.923077,-81.02198
Pharmacist,FL,FALSE,28.082418,-80.60439
Pharmacist,FL,FALSE,25.771978,-80.19231
Pharmacist,FL,FALSE,25.771978,-80.19231
Pharmacist,FL,FALSE,25.771978,-80.19231
Pharmacist,CA,FALSE,32.714287,-117.15385
Pharmacist,AZ,FALSE,34.587914,-112.32417
Pharmacist,AZ,FALSE,33.508244,-111.89561
Pharmacist,ME,FALSE,44.79945,-68.77473
Pharmacist,ME,FALSE,44.79945,-68.77473
Pharmacist,IA,FALSE,41.65934,-91.52747
Pharmacist,SD,FALSE,45.464287,-98.48351
Pharmacist,MI,FALSE,42.277473,-83.73627
Pharmacist,TN,FALSE,36.313187,-82.35165
Pharmacist,MI,FALSE,42.70055,-83.4011
Pharmacist,MA,FALSE,42.664837,-71.58791
Pharmacist,MA,FALSE,42.45879,-71.34615
Pharmacist,AL,FALSE,32.365383,-86.2967
Pharmacist,CT,FALSE,41.26923,-72.94505
Pharmacist,SC,FALSE,34,-81.03297
Pharmacist,TX,TRUE,30.362637,-97.97802
Pharmacist,PA,FALSE,39.95055,-75.15934
Pharmacist,NV,FALSE,39.162086,-119.76373
Pharmacist,AL,FALSE,32.423077,-85.68681
Pharmacist,AZ,FALSE,33.42033,-111.81868
Pharmacist,AZ,FALSE,33.53846,-112.18132
Pharmacist,FL,FALSE,25.771978,-80.19231
Pharmacist,FL,FALSE,25.771978,-80.19231
Pharmacist,VA,TRUE,37.552197,-77.45605
Pharmacist,MI,FALSE,42.277473,-83.73627
Pharmacist,PR,FALSE,18.428572,-66.48351
Pharmacist,ND,FALSE,47.923077,-97.02747
Pharmacist,FL,FALSE,28.598902,-81.33517
Pharmacist,AZ,FALSE,33.53846,-112.18132
Pharmacist,GA,FALSE,34.07967,-84.1978
Pharmacist,AZ,FALSE,33.447803,-112.07143
Pharmacist,CA,FALSE,33.23901,-117.2967
Pharmacist,CA,FALSE,33.67857,-117.90659
Pharmacist,CA,FALSE,33.815933,-118.03297
Pharmacist,NJ,FALSE,40.793957,-74.31319
Pharmacist,TX,FALSE,32.782967,-96.8022
Pharmacist,OH,FALSE,41.07967,-81.51649
Pharmacist,OK,FALSE,36.096153,-95.91758
Pharmacist,FL,FALSE,28.425825,-81.31319
Pharmacist,NJ,FALSE,40.197803,-74.02747
Pharmacist,NJ,FALSE,39.826923,-75.13187
Pharmacist,PA,FALSE,39.95055,-75.15934
Pharmacist,AL,FALSE,30.692308,-88.03846
Pharmacist,DE,FALSE,39.793957,-75.53297
Pharmacist,MN,FALSE,44.978024,-93.26373
Pharmacist,DE,FALSE,39.793957,-75.53297
Pharmacist,FL,FALSE,28.425825,-81.31319
Pharmacist,TN,FALSE,36.195053,-86.62088
Pharmacist,TN,FALSE,36.164837,-86.78022
Pharmacist,OR,FALSE,43.98077,-124.0989
Pharmacist,MS,FALSE,31.692308,-89.12637
Pharmacist,DE,FALSE,39.793957,-75.53297
Pharmacist,DE,FALSE,39.793957,-75.53297
Pharmacist,IL,FALSE,42.03846,-87.68681
Pharmacist,WA,FALSE,47.978024,-122.1978
Pharmacist,TX,FALSE,27.54945,-99.48351
Pharmacist,PA,FALSE,40.17857,-74.9011
Pharmacist,PA,FALSE,40.277473,-76.62637
Pharmacist,PA,FALSE,40.277473,-76.62637
Pharmacist,NC,FALSE,35.771976,-78.63736
Pharmacist,FL,FALSE,30.667582,-81.46154
Pharmacist,FL,FALSE,30.32967,-81.65385
Pharmacist,TX,FALSE,31.096153,-97.34066
Pharmacist,FL,FALSE,30.32967,-81.65385
Pharmacist,WA,FALSE,47.252747,-122.43956
Pharmacist,NJ,FALSE,40.51099,-74.85714
Pharmacist,NJ,FALSE,40.51099,-74.85714
Pharmacist,NJ,FALSE,40.197803,-74.02747
Pharmacist,CO,FALSE,39.645603,-104.98351
Pharmacist,WI,FALSE,44.26099,-88.41209
Pharmacist,OR,FALSE,45.521976,-122.67583
Pharmacist,OR,FALSE,45.354397,-122.83517
Pharmacist,KS,FALSE,39.112637,-94.62637
Pharmacist,OR,FALSE,45.521976,-122.67583
Pharmacist,NJ,FALSE,39.76923,-74.88461
Pharmacist,NJ,FALSE,40.881866,-74.37912
Pharmacist,VA,FALSE,38.027473,-78.47253
Pharmacist,SC,FALSE,34.923077,-81.02198
Pharmacist,LA,FALSE,30.222527,-92.01649
Pharmacist,NM,FALSE,35.527473,-108.74176
Pharmacist,PA,FALSE,39.846153,-75.70879
Pharmacist,NJ,FALSE,38.991756,-74.81319
Pharmacist,PA,FALSE,39.82967,-77.23077
Pharmacist,LA,FALSE,29.90934,-90.02747
Pharmacist,VA,FALSE,36.832417,-81.51099
Pharmacist,OH,FALSE,39.95879,-82.99451
Pharmacist,KS,FALSE,39.112637,-94.62637
Pharmacist,WA,FALSE,47.53846,-122.63187
Pharmacist,GA,FALSE,33.75,-84.74725
Pharmacist,FL,FALSE,28.535715,-81.37912
Pharmacist,WA,FALSE,48.758244,-122.48351
Pharmacist,OH,FALSE,39.95879,-82.99451
Pharmacist,OR,FALSE,44.043957,-123.02198
Physician,PA,FALSE,39.95055,-75.15934
Physician,FL,FALSE,25.771978,-80.28571
Physician,TX,FALSE,29.760988,-95.36264
Physician,CA,TRUE,34.104397,-117.8022
Physician,PA,FALSE,39.95055,-75.15934
Physician,FL,FALSE,25.771978,-80.28571
Physician,IL,TRUE,42.087914,-87.97802
Physician,IL,TRUE,41.697803,-88.06593
Physician,AL,FALSE,34.173077,-86.84066
Physician,FL,FALSE,26.357143,-80.08242
Physician,CT,FALSE,41.164837,-73.2033
Physician,VA,FALSE,37.26923,-79.93956
Physician,NC,FALSE,35.782967,-78.63187
Physician,VA,FALSE,37.26923,-79.93956
Physician,VA,FALSE,37.26923,-79.93956
Physician,IL,FALSE,39.60989,-87.69231
Physician,IL,FALSE,38.51923,-89.98351
Physician,KS,FALSE,37.68956,-97.33517
Physician,TX,FALSE,30.266483,-97.74176
Physician,IL,TRUE,42.032967,-87.87912
Physician,TX,FALSE,30.266483,-97.74176
Physician,TX,FALSE,30.266483,-97.74176
Physician,MA,FALSE,42.357143,-71.05495
Physician,TX,FALSE,30.266483,-97.74176
Physician,TX,FALSE,30.266483,-97.74176
Physician,NC,FALSE,35.225273,-80.84066
Physician,VA,FALSE,38.302197,-77.45605
Physician,MA,FALSE,42.357143,-71.05495
Physician,WI,FALSE,44.667583,-90.17033
Physician,FL,FALSE,30.18956,-82.63736
Physician,TN,FALSE,35.14835,-90.04395
Physician,KS,FALSE,37.68956,-97.33517
Physician,NY,FALSE,40.71154,-74.00549
Physician,MD,FALSE,38.771976,-76.07143
Physician,DE,FALSE,39.156593,-75.52198
Physician,OH,FALSE,41.497253,-81.69231
Physician,AL,FALSE,33.947803,-86.47253
Physician,TX,FALSE,30.65934,-93.89011
Physician,FL,FALSE,27.90934,-82.78571
Physician,WV,FALSE,38.3489,-81.63187
Physician,NJ,FALSE,41.112637,-74.63187
Physician,IA,FALSE,42.008244,-91.64286
Physician,IA,FALSE,42.107143,-91.28022
Physician,TX,FALSE,30.65934,-93.89011
Physician,NM,FALSE,35.593407,-105.21978
Physician,KY,FALSE,38.03022,-85.34066
Physician,NJ,FALSE,39.953297,-74.37363
Physician,VA,FALSE,38.244507,-78.10989
Physician,IL,FALSE,41.832417,-87.92857
Physician,MA,FALSE,42.357143,-71.05495
Physician,KS,FALSE,39.057693,-96.81868
Physician,IL,FALSE,40.10989,-88.2033
Physician,KY,FALSE,38.252747,-85.75824
Physician,IL,FALSE,38.12088,-89.6978
Physician,IL,FALSE,41.8489,-87.64835
Physician,IL,FALSE,40.10989,-88.2033
Physician,IL,FALSE,42.26923,-89.09341
Physician,IL,FALSE,40.10989,-88.2033
Physician,MI,FALSE,42.324177,-83.39561
Software,FL,FALSE,25.771978,-80.28571
Software,FL,FALSE,25.771978,-80.28571
Software,NV,FALSE,36.173077,-115.13187
Software,FL,FALSE,25.771978,-80.28571
Software,CA,FALSE,33.766483,-118.18681
Software,MA,FALSE,42.357143,-71.05495
Software,FL,FALSE,25.604395,-80.34066
Software,TX,TRUE,29.760988,-95.36264
Software,MA,FALSE,42.343407,-71.03846
Software,MA,FALSE,42.343407,-71.03846
Software,AZ,TRUE,33.447803,-112.07143
Software,PA,TRUE,40.423077,-79.97253
Software,NC,FALSE,35.771976,-78.63736
Software,OH,FALSE,39.87912,-83.08791
Software,AZ,FALSE,33.447803,-112.07143
Software,IL,TRUE,41.8489,-87.64835
Software,VA,FALSE,38.967033,-77.34066
Software,TX,FALSE,32.733517,-97.10439
Software,CA,TRUE,37.975273,-122.02747
Software,NJ,FALSE,40.785713,-74.38461
Software,PA,FALSE,40.296703,-78.44505
Software,CA,TRUE,34.156593,-118.63736
Software,VT,FALSE,44.013737,-73.16483
Software,TX,TRUE,32.947803,-96.72527
Software,TX,TRUE,33.10165,-96.67033
Software,TX,TRUE,32.813187,-96.94505
Software,PA,TRUE,40.175823,-75.12637
Software,NC,FALSE,35.782967,-78.63187
Software,KS,TRUE,38.98077,-94.67033
Software,NY,TRUE,43.153847,-77.61539
Software,IN,FALSE,37.972527,-87.55495
Software,UT,FALSE,40.758244,-111.89011
Software,KS,TRUE,38.98077,-94.67033
Software,TX,TRUE,30.266483,-97.74176
Software,CO,TRUE,39.782967,-104.96154
Software,NC,FALSE,36.07143,-79.79121
Software,TN,FALSE,36.164837,-86.78022
Software,TX,FALSE,29.423077,-98.48901
Software,AZ,FALSE,33.304947,-111.84066
Software,MA,TRUE,42.502747,-71.19231
Software,MI,FALSE,42.662086,-83.26923
Software,MI,FALSE,42.60165,-83.17583
Software,NC,FALSE,35.912086,-79.05495
Software,MI,FALSE,42.662086,-83.26923
Software,NY,FALSE,42.14011,-74.20879
Software,MI,FALSE,42.662086,-83.26923
Software,MI,FALSE,42.32967,-83.04945
Software,MI,FALSE,42.475273,-83.02747
Software,MI,FALSE,42.368134,-83.51649
Software,IL,FALSE,42.26099,-88.85165
Software,MI,FALSE,42.662086,-83.26923
Software,NY,FALSE,40.71154,-74.00549
Software,MI,FALSE,43.054947,-83.32417
Software,MI,FALSE,43.054947,-83.32417
Software,TX,FALSE,29.615385,-95.55495
Software,WA,FALSE,47.978024,-122.1978
Software,NJ,FALSE,40.516483,-74.41209
Software,CA,TRUE,38.684067,-121.07692
Software,NY,FALSE,40.71154,-74.00549
Software,NY,TRUE,40.71154,-74.00549
Software,AZ,FALSE,33.508244,-111.89561
Software,TX,FALSE,30.266483,-97.74176
Software,NC,TRUE,35.79121,-78.78022
Software,WI,FALSE,43.096153,-89.5
Software,GA,FALSE,34.074177,-84.29121
Software,GA,FALSE,34.074177,-84.29121
Software,WI,FALSE,43.07143,-89.4011
Software,VA,FALSE,38.846153,-77.3022
Software,MO,FALSE,38.626373,-90.1978
Software,VA,FALSE,38.846153,-77.3022
Software,NJ,FALSE,41.046703,-74.02198
Software,PA,FALSE,39.95055,-75.15934
Software,PA,FALSE,40.271976,-76.87912
Software,NY,TRUE,40.93956,-73.87363
Software,IL,FALSE,41.807693,-88.01099
Software,IL,FALSE,41.807693,-88.01099
Software,PA,FALSE,40.12088,-75.33517
Software,FL,FALSE,27.945055,-82.45605
Software,NJ,FALSE,40.832417,-74.94505
Software,SC,FALSE,34,-81.03297
Software,TX,FALSE,33.153847,-97.06044
Software,TX,FALSE,32.782967,-96.8022
Software,GA,FALSE,34.074177,-84.29121
Software,GA,FALSE,34.002747,-84.14286
Software,GA,FALSE,34.074177,-84.29121
Software,TX,FALSE,32.813187,-96.94505
Software,NJ,FALSE,40.346153,-74.65385
Software,TX,FALSE,32.813187,-96.94505
Software,TX,FALSE,32.782967,-96.8022
Software,GA,FALSE,34.002747,-84.14286
Software,LA,FALSE,29.953297,-90.07143
Software,VA,FALSE,38.917583,-77.23077
Software,GA,FALSE,33.747253,-84.38461
Software,NJ,FALSE,40.497253,-74.39561
Software,OH,FALSE,41.497253,-81.69231
Software,TX,FALSE,33.01923,-96.6978
Software,NC,FALSE,36.032967,-79.48351
Teacher,OK,FALSE,35.392857,-97.52198
Teacher,MA,FALSE,42.09066,-71.4011
Teacher,NC,FALSE,35.585163,-80.80769
Teacher,MA,FALSE,42.252747,-71.45605
Teacher,MA,FALSE,41.892857,-70.91758
Teacher,TX,FALSE,29.483517,-98.46154
Teacher,KS,FALSE,39.002747,-94.85714
Teacher,MA,FALSE,42.274727,-71.81868
Teacher,NC,TRUE,35.096153,-80.62637
Teacher,OK,FALSE,35.392857,-97.52198
Teacher,NC,FALSE,35.585163,-80.80769
Teacher,MA,FALSE,42.14835,-72.50549
Teacher,MA,FALSE,41.747253,-70.70879
Teacher,CA,FALSE,37.71154,-121.92857
Teacher,DE,FALSE,39.73077,-75.66483
Teacher,MI,FALSE,42.28846,-83.47253
Teacher,TX,FALSE,30.266483,-97.74176
Teacher,SC,TRUE,34.67033,-80.71429
Teacher,MA,FALSE,42.09066,-71.4011
Teacher,VA,FALSE,37.835163,-77.97253
Teacher,FL,FALSE,26.714285,-80.04945
Teacher,AZ,FALSE,33.51099,-112.06593
Teacher,DE,FALSE,39.793957,-75.53297
Teacher,CT,FALSE,41.032967,-73.65934
Teacher,OH,FALSE,40.10989,-82.90659
Teacher,TX,FALSE,30.370878,-97.67033
Teacher,NH,FALSE,43.642857,-72.25275
Teacher,AZ,FALSE,33.576923,-112.00549
Teacher,MA,FALSE,42.574177,-71.99451
Teacher,OH,FALSE,39.406593,-84.50549
Teacher,OK,FALSE,35.392857,-97.52198
Teacher,MA,FALSE,42.373627,-71.86264
Teacher,ID,FALSE,42.557693,-114.62088
Teacher,NH,FALSE,42.85165,-72.25824
Teacher,CA,FALSE,32.747253,-117.16483
Teacher,CA,FALSE,33.0989,-117.26923
Teacher,MD,FALSE,39.0989,-76.84615
Teacher,AR,FALSE,34.26099,-92.13187
Teacher,ME,FALSE,43.912086,-69.82417
Teacher,RI,FALSE,41.813187,-71.36813
Teacher,MD,FALSE,38.997253,-77.0989
Teacher,RI,FALSE,41.846153,-71.44505
Teacher,MA,FALSE,42.37088,-71.17583
Teacher,NY,FALSE,40.802197,-73.95055
Teacher,NC,FALSE,34.752747,-77.42857
Teacher,MA,FALSE,41.725273,-70.43956
Teacher,ID,FALSE,42.557693,-114.62088
Teacher,MA,FALSE,41.68132,-71.17583
Teacher,OH,FALSE,41.403847,-81.71978
Teacher,OH,FALSE,41.403847,-81.71978
Teacher,CA,FALSE,37.972527,-122.32967
